source,product,rating,text,date,title
bestbuy,Bose QuietComfort 45,5,"Compact foldable design makes it very easy to travel with anywhere. The detail retrieval is exceptional, I'm hearing things in songs I never noticed before. The quick charge feature is a lifesaver — 15 minutes gives several hours of playback. Performance in calls is excellent, colleagues always say my voice sounds clear.",2024-01-14,Bose QuietComfort 45 Review
bestbuy,Samsung Galaxy S23,5,"Found these on sale and they're an absolute steal at that price point. NFC pairing is super convenient and just works perfectly every single time. The hinge mechanism feels incredibly solid and the build quality is top notch. Aesthetics are gorgeous, gets compliments everywhere I use them.",2022-01-04,Samsung Galaxy S23 Review
bestbuy,Samsung Galaxy S23,5,"The wireless range is impressive, stays connected even from across the house. The hinge mechanism feels incredibly solid and the build quality is top notch. The detail retrieval is exceptional, I'm hearing things in songs I never noticed before.",2021-01-25,Samsung Galaxy S23 Review
bestbuy,Anker Soundcore Q45,4,Software is buggy and requires constant updates just to fix basic issues. Compact foldable design makes it very easy to travel with anywhere.,2020-08-20,Anker Soundcore Q45 Review
bestbuy,Apple AirPods Pro 2,1,"The build quality feels cheap and plasticky for such a high price point. Multipoint pairing is unreliable and switches devices completely unexpectedly. The soundstage feels narrow and closed-in, lacks depth and spatial awareness.",2021-10-18,Apple AirPods Pro 2 Review
bestbuy,Jabra Evolve2 85,3,"Premium materials throughout, nothing feels cheap or plasticky whatsoever. Compact foldable design makes it very easy to travel with anywhere. Treble is harsh and fatiguing for extended listening sessions.",2022-01-22,Jabra Evolve2 85 Review
bestbuy,Dell XPS 15,3,Multipoint pairing is unreliable and switches devices completely unexpectedly. The headband digs into my skull during longer listening sessions. Performance degrades noticeably when multiple applications are running. The build quality feels cheap and plasticky for such a high price point.,2020-10-31,Dell XPS 15 Review
bestbuy,Beats Studio Pro,5,"The soundstage is wide and immersive, feels like you're at a live concert. Charged once and used them for three full days without needing a top-up.",2022-03-06,Beats Studio Pro Review
bestbuy,Bose QuietComfort 45,4,"Battery life is absolutely incredible, lasts way longer than advertised. Compact foldable design makes it very easy to travel with anywhere.",2024-07-21,Bose QuietComfort 45 Review
bestbuy,Dell XPS 15,4,"The soundstage is wide and immersive, feels like you're at a live concert. Surprisingly comfortable even during long sessions, the headband doesn't dig in at all.",2023-03-28,Dell XPS 15 Review
bestbuy,Dell XPS 15,4,"The weight is uncomfortable and causes noticeable neck fatigue during long use. Audio quality at high volumes degrades noticeably and introduces distortion. Built like a tank, feels like it will last for years with proper care.",2022-02-08,Dell XPS 15 Review
bestbuy,Jabra Evolve2 85,4,"Compact foldable design makes it very easy to travel with anywhere. Charged once and used them for three full days without needing a top-up. The detail retrieval is exceptional, I'm hearing things in songs I never noticed before. Better options available for half the price if you look around a bit.",2020-06-21,Jabra Evolve2 85 Review
bestbuy,Apple MacBook Pro 14,3,"Premium materials throughout, nothing feels cheap or plasticky whatsoever. Bass response is deep and satisfying without being muddy or overpowering at all. Pairing process is overly complicated and genuinely frustrating to set up initially.",2021-05-24,Apple MacBook Pro 14 Review
bestbuy,Sennheiser Momentum 4,4,"Battery life is absolutely incredible, lasts way longer than advertised. Survived being dropped multiple times without any damage or rattles.",2023-10-10,Sennheiser Momentum 4 Review
bestbuy,Apple AirPods Pro 2,5,"The EQ preset options are severely limited and the default tuning is quite poor. The wireless range is impressive, stays connected even from across the house.",2021-10-04,Apple AirPods Pro 2 Review
bestbuy,Dell XPS 15,5,USB-C connectivity is a huge plus for both charging and wired use. The ANC algorithm is incredibly smart and adapts automatically to your environment. Balanced frequency response makes these great for all genres of music.,2020-12-24,Dell XPS 15 Review
bestbuy,Apple AirPods Pro 2,5,"The detail retrieval is exceptional, I'm hearing things in songs I never noticed before. Premium materials throughout, nothing feels cheap or plasticky whatsoever.",2020-06-23,Apple AirPods Pro 2 Review
bestbuy,Samsung Galaxy S23,5,"Battery life is absolutely incredible, lasts way longer than advertised. Premium price but you're paying for premium quality, absolutely no regrets.",2023-06-20,Samsung Galaxy S23 Review
bestbuy,Sennheiser Momentum 4,5,"The detail retrieval is exceptional, I'm hearing things in songs I never noticed before. The noise cancellation is best-in-class, blocks out absolutely everything around me. The wireless range is impressive, stays connected even from across the house. Premium price but you're paying for premium quality, absolutely no regrets.",2021-10-26,Sennheiser Momentum 4 Review
bestbuy,Dell XPS 15,3,"The design looks dated and generic compared to virtually all the competition. Performance in calls is excellent, colleagues always say my voice sounds clear. The wireless range is impressive, stays connected even from across the house.",2023-01-25,Dell XPS 15 Review
bestbuy,Dell XPS 15,3,Charging takes way too long compared to what competitors are offering. NFC pairing is super convenient and just works perfectly every single time.,2023-09-08,Dell XPS 15 Review
bestbuy,Apple AirPods Pro 2,3,"The cable port is already loose and connection issues started very early on. The headband digs into my skull during longer listening sessions. The processing is fast and responsive, no lag or latency issues whatsoever. The wireless range is poor, drops connection beyond just 10 feet away.",2022-01-29,Apple AirPods Pro 2 Review
bestbuy,Bose QuietComfort 45,4,"Battery life is absolutely incredible, lasts way longer than advertised. The ANC algorithm is incredibly smart and adapts automatically to your environment.",2022-07-14,Bose QuietComfort 45 Review
bestbuy,Dell XPS 15,5,Software is buggy and requires constant updates just to fix basic issues. Balanced frequency response makes these great for all genres of music. The quick charge feature is a lifesaver — 15 minutes gives several hours of playback. The matte finish resists fingerprints and looks clean all day long.,2020-06-06,Dell XPS 15 Review
bestbuy,Anker Soundcore Q45,3,"The color options are boring and completely uninspired, needs far more variety. The detail retrieval is exceptional, I'm hearing things in songs I never noticed before.",2020-01-15,Anker Soundcore Q45 Review
bestbuy,Apple MacBook Pro 14,3,"Bluetooth pairing is instant and rock solid, never drops the connection. Aesthetics are gorgeous, gets compliments everywhere I use them.",2022-11-05,Apple MacBook Pro 14 Review
bestbuy,Sennheiser Momentum 4,5,"Built like a tank, feels like it will last for years with proper care. Aesthetics are gorgeous, gets compliments everywhere I use them.",2024-07-31,Sennheiser Momentum 4 Review
bestbuy,Sennheiser Momentum 4,4,"Battery life is much shorter than advertised, barely lasts 6 hours on a charge. The ear cups are incredibly soft and I can wear these for hours without discomfort. Compared to competitors, the price-to-performance ratio here is excellent.",2021-12-10,Sennheiser Momentum 4 Review
bestbuy,Samsung Galaxy S23,5,"Perfect fit right out of the box, the padding is plush and luxurious. USB-C connectivity is a huge plus for both charging and wired use. Aesthetics are gorgeous, gets compliments everywhere I use them.",2020-11-08,Samsung Galaxy S23 Review
bestbuy,Bose QuietComfort 45,2,"Premium materials throughout, nothing feels cheap or plasticky whatsoever. The wireless range is poor, drops connection beyond just 10 feet away.",2021-06-01,Bose QuietComfort 45 Review
bestbuy,Apple AirPods Pro 2,3,"Perfect fit right out of the box, the padding is plush and luxurious. Premium materials throughout, nothing feels cheap or plasticky whatsoever.",2024-04-21,Apple AirPods Pro 2 Review
bestbuy,Dell XPS 15,4,Found these on sale and they're an absolute steal at that price point. The hinge mechanism feels incredibly solid and the build quality is top notch. The matte finish resists fingerprints and looks clean all day long.,2021-08-13,Dell XPS 15 Review
bestbuy,Samsung Galaxy S23,4,"Premium price but you're paying for premium quality, absolutely no regrets. USB-C connectivity is a huge plus for both charging and wired use. The ear cups are incredibly soft and I can wear these for hours without discomfort.",2022-08-08,Samsung Galaxy S23 Review
bestbuy,Bose QuietComfort 45,4,"The headband digs into my skull during longer listening sessions. The audio quality is simply stunning, every instrument is crystal clear. The color options are tasteful and the overall look is very refined and elegant.",2020-06-04,Bose QuietComfort 45 Review
bestbuy,Apple AirPods Pro 2,1,Handles multitasking beautifully without any slowdowns or hiccups at all. Pairing process is overly complicated and genuinely frustrating to set up initially. Battery health degrades noticeably after just a few months of normal use. The headband digs into my skull during longer listening sessions.,2020-03-15,Apple AirPods Pro 2 Review
bestbuy,Samsung Galaxy S23,2,"Bulky and unflattering design, makes you look ridiculous wearing them in public. The build quality feels cheap and plasticky for such a high price point. The clamping force is way too tight and causes headaches after just an hour.",2020-11-25,Samsung Galaxy S23 Review
bestbuy,Sony WH-1000XM5,5,"The wireless range is impressive, stays connected even from across the house. The noise cancellation is best-in-class, blocks out absolutely everything around me. I wore these on a 12-hour flight and my ears felt completely fine throughout. The build quality feels cheap and plasticky for such a high price point.",2023-04-29,Sony WH-1000XM5 Review
bestbuy,Sony WH-1000XM5,4,"The noise cancellation is quite underwhelming and lets in a lot of ambient sound. Built like a tank, feels like it will last for years with proper care. Premium price but you're paying for premium quality, absolutely no regrets. The soundstage feels narrow and closed-in, lacks depth and spatial awareness.",2020-04-23,Sony WH-1000XM5 Review
bestbuy,Jabra Evolve2 85,2,"The weight is uncomfortable and causes noticeable neck fatigue during long use. Charged once and used them for three full days without needing a top-up. Performance in calls is excellent, colleagues always say my voice sounds clear. The folding mechanism feels quite flimsy and I worry about long-term reliability.",2023-11-03,Jabra Evolve2 85 Review
bestbuy,Apple MacBook Pro 14,3,"The hinge mechanism feels incredibly solid and the build quality is top notch. Worth every single penny, the value you get is truly outstanding. USB-C connectivity is a huge plus for both charging and wired use.",2020-05-26,Apple MacBook Pro 14 Review
bestbuy,Anker Soundcore Q45,4,"Battery management is smart and the drain is minimal even in high-usage modes. The noise cancellation is best-in-class, blocks out absolutely everything around me. Expensive upfront but the quality completely justifies the cost.",2024-05-22,Anker Soundcore Q45 Review
bestbuy,Beats Studio Pro,1,"Bluetooth connection drops frequently and requires constant annoying reconnecting. Bulky and unflattering design, makes you look ridiculous wearing them in public. After two hours my ears get hot and sweaty from the overly tight seal. Compared to competitors, the price-to-performance ratio here is excellent.",2023-03-18,Beats Studio Pro Review
bestbuy,Dell XPS 15,1,Microphone quality on calls is poor and people consistently struggle to hear me. Not worth the premium when budget alternatives perform remarkably similarly. The EQ preset options are severely limited and the default tuning is quite poor.,2021-03-22,Dell XPS 15 Review
bestbuy,Apple AirPods Pro 2,3,Battery health degrades noticeably after just a few months of normal use. The color options are tasteful and the overall look is very refined and elegant. Multipoint pairing is unreliable and switches devices completely unexpectedly. Bass response is deep and satisfying without being muddy or overpowering at all.,2024-08-10,Apple AirPods Pro 2 Review
bestbuy,Dell XPS 15,3,"Battery life is absolutely incredible, lasts way longer than advertised. Pairing process is overly complicated and genuinely frustrating to set up initially. The bass is completely overpowering and muddy, drowning out the mids and highs.",2020-11-25,Dell XPS 15 Review
bestbuy,Bose QuietComfort 45,5,"30+ hours of battery is not a marketing gimmick, it actually delivers every time. Expensive upfront but the quality completely justifies the cost.",2020-05-23,Bose QuietComfort 45 Review
bestbuy,Jabra Evolve2 85,4,"Built like a tank, feels like it will last for years with proper care. Battery management is smart and the drain is minimal even in high-usage modes. Performance in calls is excellent, colleagues always say my voice sounds clear.",2021-03-19,Jabra Evolve2 85 Review
bestbuy,Dell XPS 15,1,"Audio quality at high volumes degrades noticeably and introduces distortion. Performance degrades noticeably when multiple applications are running. Way too expensive for what you actually get, feels completely overpriced.",2022-06-07,Dell XPS 15 Review
bestbuy,Anker Soundcore Q45,3,"The wireless range is poor, drops connection beyond just 10 feet away. Audio quality at high volumes degrades noticeably and introduces distortion. Battery health degrades noticeably after just a few months of normal use. Performance in calls is excellent, colleagues always say my voice sounds clear.",2023-07-14,Anker Soundcore Q45 Review
bestbuy,Beats Studio Pro,3,"Built like a tank, feels like it will last for years with proper care. Performance degrades noticeably when multiple applications are running.",2021-10-06,Beats Studio Pro Review
bestbuy,Sennheiser Momentum 4,5,"The noise cancellation is quite underwhelming and lets in a lot of ambient sound. Survived being dropped multiple times without any damage or rattles. Multipoint pairing works flawlessly between my laptop, phone, and tablet simultaneously. The detail retrieval is exceptional, I'm hearing things in songs I never noticed before.",2023-12-29,Sennheiser Momentum 4 Review
bestbuy,Dell XPS 15,5,"Pairing process is overly complicated and genuinely frustrating to set up initially. Surprisingly comfortable even during long sessions, the headband doesn't dig in at all. Battery life is much shorter than advertised, barely lasts 6 hours on a charge.",2023-03-04,Dell XPS 15 Review
bestbuy,Apple MacBook Pro 14,4,"Battery life is much shorter than advertised, barely lasts 6 hours on a charge. The color options are tasteful and the overall look is very refined and elegant. Not worth the premium when budget alternatives perform remarkably similarly. The ergonomic design makes these feel almost weightless on my head.",2024-08-02,Apple MacBook Pro 14 Review
bestbuy,Samsung Galaxy S23,3,Handles multitasking beautifully without any slowdowns or hiccups at all. The EQ preset options are severely limited and the default tuning is quite poor. Pairing process is overly complicated and genuinely frustrating to set up initially. After two hours my ears get hot and sweaty from the overly tight seal.,2020-06-03,Samsung Galaxy S23 Review
bestbuy,Sennheiser Momentum 4,3,Survived being dropped multiple times without any damage or rattles. Microphone quality on calls is poor and people consistently struggle to hear me.,2024-07-16,Sennheiser Momentum 4 Review
bestbuy,Samsung Galaxy S23,5,"The color options are tasteful and the overall look is very refined and elegant. The noise cancellation is best-in-class, blocks out absolutely everything around me. Ear cups are too small for larger ears and start to feel very painful over time. The quick charge feature is a lifesaver — 15 minutes gives several hours of playback.",2022-12-20,Samsung Galaxy S23 Review
bestbuy,Beats Studio Pro,3,The EQ preset options are severely limited and the default tuning is quite poor. Compact foldable design makes it very easy to travel with anywhere. Microphone quality on calls is poor and people consistently struggle to hear me.,2024-04-22,Beats Studio Pro Review
bestbuy,Samsung Galaxy S23,4,"Balanced frequency response makes these great for all genres of music. Bluetooth pairing is instant and rock solid, never drops the connection. Battery management is smart and the drain is minimal even in high-usage modes. The ear cups are incredibly soft and I can wear these for hours without discomfort.",2022-05-07,Samsung Galaxy S23 Review
bestbuy,Apple AirPods Pro 2,4,"Bluetooth pairing is instant and rock solid, never drops the connection. Battery life is absolutely incredible, lasts way longer than advertised. Surprisingly comfortable even during long sessions, the headband doesn't dig in at all. The hinge mechanism feels incredibly solid and the build quality is top notch.",2020-01-13,Apple AirPods Pro 2 Review
bestbuy,Anker Soundcore Q45,2,Pairing process is overly complicated and genuinely frustrating to set up initially. The hinge cracked after just a few months of completely normal everyday use. Charging takes way too long compared to what competitors are offering.,2024-07-07,Anker Soundcore Q45 Review
bestbuy,Dell XPS 15,4,"The standby drain is terrible, loses significant charge just sitting on the desk. The folding mechanism feels quite flimsy and I worry about long-term reliability. Price gouging at its finest, the margins here must be absolutely enormous. Bluetooth pairing is instant and rock solid, never drops the connection.",2024-05-20,Dell XPS 15 Review
bestbuy,Dell XPS 15,3,"The build quality feels cheap and plasticky for such a high price point. The wireless range is poor, drops connection beyond just 10 feet away. The battery drains surprisingly quickly even when the device is not in active use.",2020-12-22,Dell XPS 15 Review
bestbuy,Anker Soundcore Q45,3,"The noise cancellation is quite underwhelming and lets in a lot of ambient sound. NFC pairing is very hit or miss, sometimes works fine, sometimes just doesn't. The glossy finish is a constant fingerprint magnet and looks dirty all the time.",2024-10-21,Anker Soundcore Q45 Review
bestbuy,Bose QuietComfort 45,4,"The bass is completely overpowering and muddy, drowning out the mids and highs. The hinge mechanism feels incredibly solid and the build quality is top notch.",2020-09-26,Bose QuietComfort 45 Review
bestbuy,Bose QuietComfort 45,5,"Perfect fit right out of the box, the padding is plush and luxurious. The standby drain is terrible, loses significant charge just sitting on the desk.",2024-03-20,Bose QuietComfort 45 Review
bestbuy,Sony WH-1000XM5,5,"The detail retrieval is exceptional, I'm hearing things in songs I never noticed before. NFC pairing is super convenient and just works perfectly every single time.",2022-07-12,Sony WH-1000XM5 Review
bestbuy,Jabra Evolve2 85,4,"Charged once and used them for three full days without needing a top-up. Compact foldable design makes it very easy to travel with anywhere. The processing is fast and responsive, no lag or latency issues whatsoever.",2020-11-07,Jabra Evolve2 85 Review
bestbuy,Bose QuietComfort 45,3,"The color options are tasteful and the overall look is very refined and elegant. The noise cancellation is best-in-class, blocks out absolutely everything around me. The battery drains surprisingly quickly even when the device is not in active use.",2023-11-03,Bose QuietComfort 45 Review
bestbuy,Samsung Galaxy S23,5,"Multipoint pairing works flawlessly between my laptop, phone, and tablet simultaneously. Battery life is absolutely incredible, lasts way longer than advertised. The soundstage is wide and immersive, feels like you're at a live concert. The noise cancellation is best-in-class, blocks out absolutely everything around me.",2023-10-07,Samsung Galaxy S23 Review
bestbuy,Samsung Galaxy S23,5,"Premium price but you're paying for premium quality, absolutely no regrets. The noise cancellation is best-in-class, blocks out absolutely everything around me. Multipoint pairing works flawlessly between my laptop, phone, and tablet simultaneously. Charged once and used them for three full days without needing a top-up.",2020-11-26,Samsung Galaxy S23 Review
bestbuy,Dell XPS 15,5,"The wireless range is impressive, stays connected even from across the house. The soundstage is wide and immersive, feels like you're at a live concert. Six months of heavy daily use and it still looks and performs like brand new. 30+ hours of battery is not a marketing gimmick, it actually delivers every time.",2021-12-20,Dell XPS 15 Review
bestbuy,Sony WH-1000XM5,5,"The ergonomic design makes these feel almost weightless on my head. The sleek minimalist design looks absolutely premium and professional. Premium price but you're paying for premium quality, absolutely no regrets.",2023-08-14,Sony WH-1000XM5 Review
bestbuy,Bose QuietComfort 45,5,"The build quality feels cheap and plasticky for such a high price point. The ear cups are incredibly soft and I can wear these for hours without discomfort. Aesthetics are gorgeous, gets compliments everywhere I use them. The processing is fast and responsive, no lag or latency issues whatsoever.",2021-05-21,Bose QuietComfort 45 Review
bestbuy,Anker Soundcore Q45,3,The hinge cracked after just a few months of completely normal everyday use. Balanced frequency response makes these great for all genres of music.,2024-04-11,Anker Soundcore Q45 Review
bestbuy,Anker Soundcore Q45,4,"Premium price but you're paying for premium quality, absolutely no regrets. Battery health degrades noticeably after just a few months of normal use. Premium materials throughout, nothing feels cheap or plasticky whatsoever. The wireless range is poor, drops connection beyond just 10 feet away.",2020-07-31,Anker Soundcore Q45 Review
bestbuy,Bose QuietComfort 45,4,The ANC algorithm is incredibly smart and adapts automatically to your environment. USB-C connectivity is a huge plus for both charging and wired use.,2021-09-22,Bose QuietComfort 45 Review
bestbuy,Anker Soundcore Q45,4,"The audio quality is simply stunning, every instrument is crystal clear. Surprisingly comfortable even during long sessions, the headband doesn't dig in at all. The matte finish resists fingerprints and looks clean all day long. Found these on sale and they're an absolute steal at that price point.",2020-08-23,Anker Soundcore Q45 Review
bestbuy,Beats Studio Pro,5,USB-C connectivity is a huge plus for both charging and wired use. The clamping force is way too tight and causes headaches after just an hour.,2022-04-12,Beats Studio Pro Review
bestbuy,Sennheiser Momentum 4,5,I wore these on a 12-hour flight and my ears felt completely fine throughout. The ANC algorithm is incredibly smart and adapts automatically to your environment. Battery management is smart and the drain is minimal even in high-usage modes.,2024-04-12,Sennheiser Momentum 4 Review
bestbuy,Jabra Evolve2 85,5,The ANC algorithm is incredibly smart and adapts automatically to your environment. The quick charge feature is a lifesaver — 15 minutes gives several hours of playback. Compact foldable design makes it very easy to travel with anywhere.,2022-10-27,Jabra Evolve2 85 Review
bestbuy,Sony WH-1000XM5,3,"Battery life is much shorter than advertised, barely lasts 6 hours on a charge. The ear cups are incredibly soft and I can wear these for hours without discomfort. Software is buggy and requires constant updates just to fix basic issues.",2020-02-23,Sony WH-1000XM5 Review
bestbuy,Anker Soundcore Q45,5,The ergonomic design makes these feel almost weightless on my head. Audio quality at high volumes degrades noticeably and introduces distortion.,2020-03-29,Anker Soundcore Q45 Review
bestbuy,Apple MacBook Pro 14,4,The noise cancellation is quite underwhelming and lets in a lot of ambient sound. Survived being dropped multiple times without any damage or rattles. Bass response is deep and satisfying without being muddy or overpowering at all.,2024-12-23,Apple MacBook Pro 14 Review
bestbuy,Apple AirPods Pro 2,5,"The hinge mechanism feels incredibly solid and the build quality is top notch. Worth every single penny, the value you get is truly outstanding. Handles multitasking beautifully without any slowdowns or hiccups at all. Multipoint pairing works flawlessly between my laptop, phone, and tablet simultaneously.",2020-02-09,Apple AirPods Pro 2 Review
bestbuy,Apple MacBook Pro 14,5,"The quick charge feature is a lifesaver — 15 minutes gives several hours of playback. Surprisingly comfortable even during long sessions, the headband doesn't dig in at all. Balanced frequency response makes these great for all genres of music.",2022-11-12,Apple MacBook Pro 14 Review
bestbuy,Sony WH-1000XM5,3,The folding mechanism feels quite flimsy and I worry about long-term reliability. The ANC creates an uncomfortable pressure sensation that gives me headaches.,2020-12-11,Sony WH-1000XM5 Review
bestbuy,Dell XPS 15,5,"Way too expensive for what you actually get, feels completely overpriced. The sleek minimalist design looks absolutely premium and professional. Balanced frequency response makes these great for all genres of music. The quick charge feature is a lifesaver — 15 minutes gives several hours of playback.",2024-04-23,Dell XPS 15 Review
bestbuy,Samsung Galaxy S23,3,"The color options are tasteful and the overall look is very refined and elegant. Bluetooth pairing is instant and rock solid, never drops the connection. The processing is fast and responsive, no lag or latency issues whatsoever.",2023-12-21,Samsung Galaxy S23 Review
bestbuy,Anker Soundcore Q45,4,"The folding mechanism feels quite flimsy and I worry about long-term reliability. The soundstage is wide and immersive, feels like you're at a live concert. Way too expensive for what you actually get, feels completely overpriced.",2024-05-21,Anker Soundcore Q45 Review
bestbuy,Beats Studio Pro,5,Battery management is smart and the drain is minimal even in high-usage modes. The hinge mechanism feels incredibly solid and the build quality is top notch.,2021-08-29,Beats Studio Pro Review
bestbuy,Sennheiser Momentum 4,4,Microphone quality on calls is poor and people consistently struggle to hear me. The matte finish resists fingerprints and looks clean all day long.,2021-07-01,Sennheiser Momentum 4 Review
bestbuy,Anker Soundcore Q45,4,"Six months of heavy daily use and it still looks and performs like brand new. NFC pairing is super convenient and just works perfectly every single time. The soundstage feels narrow and closed-in, lacks depth and spatial awareness.",2023-03-05,Anker Soundcore Q45 Review
bestbuy,Apple MacBook Pro 14,4,"Balanced frequency response makes these great for all genres of music. Perfect fit right out of the box, the padding is plush and luxurious. The quick charge feature is a lifesaver — 15 minutes gives several hours of playback.",2024-05-03,Apple MacBook Pro 14 Review
bestbuy,Samsung Galaxy S23,5,"Aesthetics are gorgeous, gets compliments everywhere I use them. I wore these on a 12-hour flight and my ears felt completely fine throughout. The ANC algorithm is incredibly smart and adapts automatically to your environment.",2020-10-08,Samsung Galaxy S23 Review
bestbuy,Jabra Evolve2 85,5,Charged once and used them for three full days without needing a top-up. Survived being dropped multiple times without any damage or rattles.,2024-03-17,Jabra Evolve2 85 Review
bestbuy,Anker Soundcore Q45,5,"The processing is fast and responsive, no lag or latency issues whatsoever. USB-C connectivity is a huge plus for both charging and wired use. The sleek minimalist design looks absolutely premium and professional.",2020-03-28,Anker Soundcore Q45 Review
bestbuy,Apple AirPods Pro 2,3,"Multipoint pairing is unreliable and switches devices completely unexpectedly. The noise cancellation is quite underwhelming and lets in a lot of ambient sound. Aesthetics are gorgeous, gets compliments everywhere I use them. Balanced frequency response makes these great for all genres of music.",2022-08-29,Apple AirPods Pro 2 Review
bestbuy,Anker Soundcore Q45,4,"Multipoint pairing works flawlessly between my laptop, phone, and tablet simultaneously. Aesthetics are gorgeous, gets compliments everywhere I use them. 30+ hours of battery is not a marketing gimmick, it actually delivers every time.",2023-12-26,Anker Soundcore Q45 Review
bestbuy,Samsung Galaxy S23,5,"Multipoint pairing is unreliable and switches devices completely unexpectedly. Aesthetics are gorgeous, gets compliments everywhere I use them.",2021-03-29,Samsung Galaxy S23 Review
bestbuy,Apple AirPods Pro 2,4,"Found these on sale and they're an absolute steal at that price point. The ANC algorithm is incredibly smart and adapts automatically to your environment. Balanced frequency response makes these great for all genres of music. Bluetooth pairing is instant and rock solid, never drops the connection.",2024-12-19,Apple AirPods Pro 2 Review
bestbuy,Beats Studio Pro,5,"NFC pairing is super convenient and just works perfectly every single time. I wore these on a 12-hour flight and my ears felt completely fine throughout. The processing is fast and responsive, no lag or latency issues whatsoever. The soundstage is wide and immersive, feels like you're at a live concert.",2024-03-19,Beats Studio Pro Review
bestbuy,Sony WH-1000XM5,4,Balanced frequency response makes these great for all genres of music. The cable port is already loose and connection issues started very early on. Bluetooth connection drops frequently and requires constant annoying reconnecting. Charging takes way too long compared to what competitors are offering.,2022-06-18,Sony WH-1000XM5 Review
bestbuy,Apple AirPods Pro 2,5,"Surprisingly comfortable even during long sessions, the headband doesn't dig in at all. Battery management is smart and the drain is minimal even in high-usage modes.",2023-09-25,Apple AirPods Pro 2 Review
bestbuy,Dell XPS 15,3,"The glossy finish is a constant fingerprint magnet and looks dirty all the time. The detail retrieval is exceptional, I'm hearing things in songs I never noticed before. After two hours my ears get hot and sweaty from the overly tight seal. The cable port is already loose and connection issues started very early on.",2024-12-23,Dell XPS 15 Review
bestbuy,Beats Studio Pro,3,"Charged once and used them for three full days without needing a top-up. Handles multitasking beautifully without any slowdowns or hiccups at all. The audio quality is simply stunning, every instrument is crystal clear. Premium price but you're paying for premium quality, absolutely no regrets.",2020-11-18,Beats Studio Pro Review
bestbuy,Bose QuietComfort 45,1,"Ear cups are too small for larger ears and start to feel very painful over time. Battery life is much shorter than advertised, barely lasts 6 hours on a charge.",2021-08-03,Bose QuietComfort 45 Review
bestbuy,Jabra Evolve2 85,1,Performance degrades noticeably when multiple applications are running. Pairing process is overly complicated and genuinely frustrating to set up initially. The color options are tasteful and the overall look is very refined and elegant.,2022-12-30,Jabra Evolve2 85 Review
bestbuy,Sennheiser Momentum 4,4,Pairing process is overly complicated and genuinely frustrating to set up initially. Audio quality at high volumes degrades noticeably and introduces distortion. The hinge mechanism feels incredibly solid and the build quality is top notch.,2021-12-05,Sennheiser Momentum 4 Review
bestbuy,Sony WH-1000XM5,4,"USB-C connectivity is a huge plus for both charging and wired use. 30+ hours of battery is not a marketing gimmick, it actually delivers every time.",2021-11-16,Sony WH-1000XM5 Review
bestbuy,Apple MacBook Pro 14,1,The premium price tag is simply not justified given the quality issues I experienced. Compact foldable design makes it very easy to travel with anywhere. The hinge mechanism feels incredibly solid and the build quality is top notch.,2021-09-10,Apple MacBook Pro 14 Review
bestbuy,Dell XPS 15,3,"The glossy finish is a constant fingerprint magnet and looks dirty all the time. Bluetooth pairing is instant and rock solid, never drops the connection.",2024-12-13,Dell XPS 15 Review
bestbuy,Apple AirPods Pro 2,4,"The wireless range is poor, drops connection beyond just 10 feet away. Treble is harsh and fatiguing for extended listening sessions. The ear cushions started peeling and deteriorating within the first year. Compact foldable design makes it very easy to travel with anywhere.",2020-07-26,Apple AirPods Pro 2 Review
bestbuy,Jabra Evolve2 85,5,"Battery life is absolutely incredible, lasts way longer than advertised. USB-C connectivity is a huge plus for both charging and wired use.",2020-08-05,Jabra Evolve2 85 Review
bestbuy,Samsung Galaxy S23,5,"Surprisingly comfortable even during long sessions, the headband doesn't dig in at all. The premium price tag is simply not justified given the quality issues I experienced. Battery life is absolutely incredible, lasts way longer than advertised. Survived being dropped multiple times without any damage or rattles.",2024-02-24,Samsung Galaxy S23 Review
bestbuy,Sony WH-1000XM5,5,"Bluetooth pairing is instant and rock solid, never drops the connection. The soundstage is wide and immersive, feels like you're at a live concert.",2020-11-08,Sony WH-1000XM5 Review
bestbuy,Sennheiser Momentum 4,4,"Balanced frequency response makes these great for all genres of music. Surprisingly comfortable even during long sessions, the headband doesn't dig in at all. Built like a tank, feels like it will last for years with proper care. The processing is fast and responsive, no lag or latency issues whatsoever.",2021-10-19,Sennheiser Momentum 4 Review
bestbuy,Apple AirPods Pro 2,4,"The detail retrieval is exceptional, I'm hearing things in songs I never noticed before. NFC pairing is super convenient and just works perfectly every single time. Survived being dropped multiple times without any damage or rattles.",2023-09-23,Apple AirPods Pro 2 Review
bestbuy,Dell XPS 15,5,"The audio quality is simply stunning, every instrument is crystal clear. USB-C connectivity is a huge plus for both charging and wired use.",2021-03-14,Dell XPS 15 Review
bestbuy,Jabra Evolve2 85,5,"The processing is fast and responsive, no lag or latency issues whatsoever. The ergonomic design makes these feel almost weightless on my head. The glossy finish is a constant fingerprint magnet and looks dirty all the time.",2020-05-30,Jabra Evolve2 85 Review
bestbuy,Jabra Evolve2 85,5,"30+ hours of battery is not a marketing gimmick, it actually delivers every time. Compared to competitors, the price-to-performance ratio here is excellent.",2020-07-12,Jabra Evolve2 85 Review
bestbuy,Jabra Evolve2 85,4,The weight is uncomfortable and causes noticeable neck fatigue during long use. The hinge mechanism feels incredibly solid and the build quality is top notch. The sleek minimalist design looks absolutely premium and professional.,2020-12-15,Jabra Evolve2 85 Review
bestbuy,Samsung Galaxy S23,2,The weight is uncomfortable and causes noticeable neck fatigue during long use. The cable port is already loose and connection issues started very early on. Performance degrades noticeably when multiple applications are running.,2024-10-13,Samsung Galaxy S23 Review
bestbuy,Sony WH-1000XM5,5,"The soundstage is wide and immersive, feels like you're at a live concert. The noise cancellation is best-in-class, blocks out absolutely everything around me.",2022-11-12,Sony WH-1000XM5 Review
bestbuy,Jabra Evolve2 85,5,"The ear cushions started peeling and deteriorating within the first year. USB-C connectivity is a huge plus for both charging and wired use. The audio quality is simply stunning, every instrument is crystal clear.",2023-07-21,Jabra Evolve2 85 Review
bestbuy,Jabra Evolve2 85,4,"Perfect fit right out of the box, the padding is plush and luxurious. Expensive upfront but the quality completely justifies the cost.",2023-01-26,Jabra Evolve2 85 Review
bestbuy,Beats Studio Pro,1,Pairing process is overly complicated and genuinely frustrating to set up initially. Microphone quality on calls is poor and people consistently struggle to hear me. Battery management is smart and the drain is minimal even in high-usage modes.,2021-05-10,Beats Studio Pro Review
bestbuy,Beats Studio Pro,5,"Built like a tank, feels like it will last for years with proper care. The noise cancellation is best-in-class, blocks out absolutely everything around me.",2020-01-07,Beats Studio Pro Review
bestbuy,Bose QuietComfort 45,5,"USB-C connectivity is a huge plus for both charging and wired use. Surprisingly comfortable even during long sessions, the headband doesn't dig in at all. Built like a tank, feels like it will last for years with proper care. Way too expensive for what you actually get, feels completely overpriced.",2021-02-08,Bose QuietComfort 45 Review
bestbuy,Jabra Evolve2 85,4,The sleek minimalist design looks absolutely premium and professional. Battery management is smart and the drain is minimal even in high-usage modes.,2022-03-28,Jabra Evolve2 85 Review
bestbuy,Beats Studio Pro,5,Charged once and used them for three full days without needing a top-up. The ANC creates an uncomfortable pressure sensation that gives me headaches.,2022-08-16,Beats Studio Pro Review
bestbuy,Bose QuietComfort 45,3,Treble is harsh and fatiguing for extended listening sessions. Microphone quality on calls is poor and people consistently struggle to hear me.,2022-09-17,Bose QuietComfort 45 Review
bestbuy,Dell XPS 15,3,"Bluetooth pairing is instant and rock solid, never drops the connection. The standby drain is terrible, loses significant charge just sitting on the desk.",2022-01-27,Dell XPS 15 Review
bestbuy,Apple AirPods Pro 2,3,"Bluetooth pairing is instant and rock solid, never drops the connection. Charged once and used them for three full days without needing a top-up. The cable port is already loose and connection issues started very early on. Audio quality at high volumes degrades noticeably and introduces distortion.",2023-10-27,Apple AirPods Pro 2 Review
bestbuy,Sennheiser Momentum 4,4,"Compact foldable design makes it very easy to travel with anywhere. The ear cushions started peeling and deteriorating within the first year. Expensive upfront but the quality completely justifies the cost. Performance in calls is excellent, colleagues always say my voice sounds clear.",2024-09-02,Sennheiser Momentum 4 Review
bestbuy,Anker Soundcore Q45,4,The ANC creates an uncomfortable pressure sensation that gives me headaches. The hinge mechanism feels incredibly solid and the build quality is top notch. Not worth the premium when budget alternatives perform remarkably similarly.,2023-03-05,Anker Soundcore Q45 Review
bestbuy,Apple MacBook Pro 14,4,The glossy finish is a constant fingerprint magnet and looks dirty all the time. Bass response is deep and satisfying without being muddy or overpowering at all.,2020-03-31,Apple MacBook Pro 14 Review
bestbuy,Beats Studio Pro,4,"Multipoint pairing works flawlessly between my laptop, phone, and tablet simultaneously. Ear cups are too small for larger ears and start to feel very painful over time.",2020-02-08,Beats Studio Pro Review
bestbuy,Beats Studio Pro,4,The sleek minimalist design looks absolutely premium and professional. Balanced frequency response makes these great for all genres of music. Six months of heavy daily use and it still looks and performs like brand new.,2020-10-02,Beats Studio Pro Review
bestbuy,Apple MacBook Pro 14,4,"Survived being dropped multiple times without any damage or rattles. The soundstage is wide and immersive, feels like you're at a live concert. The ear cups are incredibly soft and I can wear these for hours without discomfort.",2024-02-21,Apple MacBook Pro 14 Review
bestbuy,Anker Soundcore Q45,5,"Expensive upfront but the quality completely justifies the cost. Compact foldable design makes it very easy to travel with anywhere. Multipoint pairing works flawlessly between my laptop, phone, and tablet simultaneously. Built like a tank, feels like it will last for years with proper care.",2023-10-17,Anker Soundcore Q45 Review
bestbuy,Samsung Galaxy S23,3,The premium price tag is simply not justified given the quality issues I experienced. NFC pairing is super convenient and just works perfectly every single time.,2022-08-09,Samsung Galaxy S23 Review
bestbuy,Jabra Evolve2 85,4,"The ear cups are incredibly soft and I can wear these for hours without discomfort. The quick charge feature is a lifesaver — 15 minutes gives several hours of playback. Performance in calls is excellent, colleagues always say my voice sounds clear.",2020-02-08,Jabra Evolve2 85 Review
bestbuy,Anker Soundcore Q45,4,"The processing is fast and responsive, no lag or latency issues whatsoever. The matte finish resists fingerprints and looks clean all day long. Survived being dropped multiple times without any damage or rattles.",2021-01-26,Anker Soundcore Q45 Review
bestbuy,Samsung Galaxy S23,5,"Six months of heavy daily use and it still looks and performs like brand new. The processing is fast and responsive, no lag or latency issues whatsoever. Worth every single penny, the value you get is truly outstanding.",2021-07-08,Samsung Galaxy S23 Review
bestbuy,Bose QuietComfort 45,5,The ear cups are incredibly soft and I can wear these for hours without discomfort. Charging takes way too long compared to what competitors are offering.,2020-11-26,Bose QuietComfort 45 Review
bestbuy,Apple AirPods Pro 2,3,"Pairing process is overly complicated and genuinely frustrating to set up initially. The standby drain is terrible, loses significant charge just sitting on the desk. The bass is completely overpowering and muddy, drowning out the mids and highs. Surprisingly comfortable even during long sessions, the headband doesn't dig in at all.",2020-11-15,Apple AirPods Pro 2 Review
bestbuy,Apple MacBook Pro 14,5,Bluetooth connection drops frequently and requires constant annoying reconnecting. The sleek minimalist design looks absolutely premium and professional. The ergonomic design makes these feel almost weightless on my head.,2024-09-23,Apple MacBook Pro 14 Review
bestbuy,Apple MacBook Pro 14,5,Performance degrades noticeably when multiple applications are running. The matte finish resists fingerprints and looks clean all day long. The quick charge feature is a lifesaver — 15 minutes gives several hours of playback.,2023-12-26,Apple MacBook Pro 14 Review
bestbuy,Beats Studio Pro,4,"30+ hours of battery is not a marketing gimmick, it actually delivers every time. The wireless range is impressive, stays connected even from across the house.",2020-08-18,Beats Studio Pro Review
bestbuy,Samsung Galaxy S23,4,"The wireless range is poor, drops connection beyond just 10 feet away. The color options are boring and completely uninspired, needs far more variety. The standby drain is terrible, loses significant charge just sitting on the desk. Perfect fit right out of the box, the padding is plush and luxurious.",2020-12-13,Samsung Galaxy S23 Review
bestbuy,Anker Soundcore Q45,5,"Premium price but you're paying for premium quality, absolutely no regrets. Balanced frequency response makes these great for all genres of music.",2023-11-30,Anker Soundcore Q45 Review
bestbuy,Beats Studio Pro,4,"Aesthetics are gorgeous, gets compliments everywhere I use them. The battery drains surprisingly quickly even when the device is not in active use. The audio quality is simply stunning, every instrument is crystal clear.",2023-11-15,Beats Studio Pro Review
bestbuy,Dell XPS 15,5,Expensive upfront but the quality completely justifies the cost. The ergonomic design makes these feel almost weightless on my head.,2022-09-27,Dell XPS 15 Review
bestbuy,Sennheiser Momentum 4,4,"Perfect fit right out of the box, the padding is plush and luxurious. Expensive upfront but the quality completely justifies the cost.",2022-12-01,Sennheiser Momentum 4 Review
bestbuy,Beats Studio Pro,5,"Ear cups are too small for larger ears and start to feel very painful over time. The wireless range is impressive, stays connected even from across the house. Survived being dropped multiple times without any damage or rattles. Bass response is deep and satisfying without being muddy or overpowering at all.",2022-03-14,Beats Studio Pro Review
bestbuy,Dell XPS 15,5,"Handles multitasking beautifully without any slowdowns or hiccups at all. Bluetooth pairing is instant and rock solid, never drops the connection. Charged once and used them for three full days without needing a top-up. Compared to competitors, the price-to-performance ratio here is excellent.",2022-11-01,Dell XPS 15 Review
bestbuy,Beats Studio Pro,4,"Battery life is absolutely incredible, lasts way longer than advertised. Worth every single penny, the value you get is truly outstanding. The color options are tasteful and the overall look is very refined and elegant. I wore these on a 12-hour flight and my ears felt completely fine throughout.",2024-11-19,Beats Studio Pro Review
bestbuy,Dell XPS 15,2,"The standby drain is terrible, loses significant charge just sitting on the desk. NFC pairing is very hit or miss, sometimes works fine, sometimes just doesn't.",2024-01-09,Dell XPS 15 Review
bestbuy,Sony WH-1000XM5,4,"Battery management is smart and the drain is minimal even in high-usage modes. The processing is fast and responsive, no lag or latency issues whatsoever. The hinge mechanism feels incredibly solid and the build quality is top notch. The soundstage feels narrow and closed-in, lacks depth and spatial awareness.",2023-09-25,Sony WH-1000XM5 Review
bestbuy,Jabra Evolve2 85,5,"Survived being dropped multiple times without any damage or rattles. 30+ hours of battery is not a marketing gimmick, it actually delivers every time. Expensive upfront but the quality completely justifies the cost. The processing is fast and responsive, no lag or latency issues whatsoever.",2023-06-26,Jabra Evolve2 85 Review
bestbuy,Jabra Evolve2 85,5,"The audio quality is simply stunning, every instrument is crystal clear. Microphone quality on calls is poor and people consistently struggle to hear me. Compared to competitors, the price-to-performance ratio here is excellent. Aesthetics are gorgeous, gets compliments everywhere I use them.",2024-02-22,Jabra Evolve2 85 Review
bestbuy,Anker Soundcore Q45,5,"After two hours my ears get hot and sweaty from the overly tight seal. Bass response is deep and satisfying without being muddy or overpowering at all. Premium price but you're paying for premium quality, absolutely no regrets.",2021-08-14,Anker Soundcore Q45 Review
bestbuy,Jabra Evolve2 85,4,"The color options are tasteful and the overall look is very refined and elegant. The ergonomic design makes these feel almost weightless on my head. The soundstage is wide and immersive, feels like you're at a live concert. Handles multitasking beautifully without any slowdowns or hiccups at all.",2020-11-10,Jabra Evolve2 85 Review
bestbuy,Apple MacBook Pro 14,4,"30+ hours of battery is not a marketing gimmick, it actually delivers every time. The soundstage is wide and immersive, feels like you're at a live concert. Perfect fit right out of the box, the padding is plush and luxurious.",2022-08-17,Apple MacBook Pro 14 Review
bestbuy,Apple AirPods Pro 2,5,"The ANC algorithm is incredibly smart and adapts automatically to your environment. I wore these on a 12-hour flight and my ears felt completely fine throughout. Treble is harsh and fatiguing for extended listening sessions. Built like a tank, feels like it will last for years with proper care.",2021-04-04,Apple AirPods Pro 2 Review
bestbuy,Sennheiser Momentum 4,5,"Performance in calls is excellent, colleagues always say my voice sounds clear. Bass response is deep and satisfying without being muddy or overpowering at all.",2021-02-16,Sennheiser Momentum 4 Review
bestbuy,Apple AirPods Pro 2,4,"Microphone quality on calls is poor and people consistently struggle to hear me. Built like a tank, feels like it will last for years with proper care. Battery life is much shorter than advertised, barely lasts 6 hours on a charge.",2024-12-31,Apple AirPods Pro 2 Review
bestbuy,Anker Soundcore Q45,4,The weight is uncomfortable and causes noticeable neck fatigue during long use. Bass response is deep and satisfying without being muddy or overpowering at all.,2021-08-04,Anker Soundcore Q45 Review
bestbuy,Dell XPS 15,1,"Aesthetics are gorgeous, gets compliments everywhere I use them. The ear cushions started peeling and deteriorating within the first year.",2020-04-02,Dell XPS 15 Review
bestbuy,Anker Soundcore Q45,3,The glossy finish is a constant fingerprint magnet and looks dirty all the time. Audio quality at high volumes degrades noticeably and introduces distortion. Battery health degrades noticeably after just a few months of normal use.,2023-01-12,Anker Soundcore Q45 Review
bestbuy,Anker Soundcore Q45,4,"Aesthetics are gorgeous, gets compliments everywhere I use them. The detail retrieval is exceptional, I'm hearing things in songs I never noticed before.",2021-06-12,Anker Soundcore Q45 Review
bestbuy,Sennheiser Momentum 4,3,The ear cushions started peeling and deteriorating within the first year. The ANC algorithm is incredibly smart and adapts automatically to your environment. The folding mechanism feels quite flimsy and I worry about long-term reliability.,2022-03-28,Sennheiser Momentum 4 Review
bestbuy,Bose QuietComfort 45,5,"The soundstage is wide and immersive, feels like you're at a live concert. The quick charge feature is a lifesaver — 15 minutes gives several hours of playback.",2024-12-17,Bose QuietComfort 45 Review
bestbuy,Apple AirPods Pro 2,4,The clamping force is way too tight and causes headaches after just an hour. The cable port is already loose and connection issues started very early on. Pairing process is overly complicated and genuinely frustrating to set up initially.,2020-07-29,Apple AirPods Pro 2 Review
bestbuy,Sony WH-1000XM5,5,"The audio quality is simply stunning, every instrument is crystal clear. Better options available for half the price if you look around a bit. The quick charge feature is a lifesaver — 15 minutes gives several hours of playback. Performance in calls is excellent, colleagues always say my voice sounds clear.",2023-10-25,Sony WH-1000XM5 Review
bestbuy,Apple AirPods Pro 2,3,The weight is uncomfortable and causes noticeable neck fatigue during long use. Feels fragile and like it could break with any significant accidental impact.,2022-10-01,Apple AirPods Pro 2 Review
bestbuy,Anker Soundcore Q45,4,"30+ hours of battery is not a marketing gimmick, it actually delivers every time. The sleek minimalist design looks absolutely premium and professional.",2024-06-05,Anker Soundcore Q45 Review
bestbuy,Beats Studio Pro,5,"Not worth the premium when budget alternatives perform remarkably similarly. The noise cancellation is best-in-class, blocks out absolutely everything around me. NFC pairing is super convenient and just works perfectly every single time. Battery management is smart and the drain is minimal even in high-usage modes.",2023-11-05,Beats Studio Pro Review
bestbuy,Bose QuietComfort 45,5,"Compact foldable design makes it very easy to travel with anywhere. Premium materials throughout, nothing feels cheap or plasticky whatsoever.",2024-03-11,Bose QuietComfort 45 Review
bestbuy,Apple MacBook Pro 14,3,"The battery drains surprisingly quickly even when the device is not in active use. The soundstage feels narrow and closed-in, lacks depth and spatial awareness.",2020-07-27,Apple MacBook Pro 14 Review
bestbuy,Samsung Galaxy S23,5,"Built like a tank, feels like it will last for years with proper care. The quick charge feature is a lifesaver — 15 minutes gives several hours of playback. Balanced frequency response makes these great for all genres of music. Aesthetics are gorgeous, gets compliments everywhere I use them.",2023-01-30,Samsung Galaxy S23 Review
bestbuy,Bose QuietComfort 45,3,"The color options are boring and completely uninspired, needs far more variety. I wore these on a 12-hour flight and my ears felt completely fine throughout.",2024-02-03,Bose QuietComfort 45 Review
bestbuy,Bose QuietComfort 45,3,"The design looks dated and generic compared to virtually all the competition. The bass is completely overpowering and muddy, drowning out the mids and highs. Premium price but you're paying for premium quality, absolutely no regrets.",2022-04-26,Bose QuietComfort 45 Review
bestbuy,Anker Soundcore Q45,5,"The color options are tasteful and the overall look is very refined and elegant. Found these on sale and they're an absolute steal at that price point. Built like a tank, feels like it will last for years with proper care.",2024-07-06,Anker Soundcore Q45 Review
bestbuy,Beats Studio Pro,5,"The audio quality is simply stunning, every instrument is crystal clear. The ANC creates an uncomfortable pressure sensation that gives me headaches. 30+ hours of battery is not a marketing gimmick, it actually delivers every time. Premium price but you're paying for premium quality, absolutely no regrets.",2020-07-23,Beats Studio Pro Review
bestbuy,Dell XPS 15,1,"Treble is harsh and fatiguing for extended listening sessions. Built like a tank, feels like it will last for years with proper care. Bluetooth connection drops frequently and requires constant annoying reconnecting. The ear cups are incredibly soft and I can wear these for hours without discomfort.",2024-09-16,Dell XPS 15 Review
bestbuy,Anker Soundcore Q45,4,"Premium materials throughout, nothing feels cheap or plasticky whatsoever. The design looks dated and generic compared to virtually all the competition. Charged once and used them for three full days without needing a top-up. Found these on sale and they're an absolute steal at that price point.",2020-06-24,Anker Soundcore Q45 Review
bestbuy,Sony WH-1000XM5,5,"The wireless range is impressive, stays connected even from across the house. The soundstage is wide and immersive, feels like you're at a live concert.",2020-05-14,Sony WH-1000XM5 Review
bestbuy,Apple AirPods Pro 2,3,Bluetooth connection drops frequently and requires constant annoying reconnecting. The headband digs into my skull during longer listening sessions. Feels fragile and like it could break with any significant accidental impact. The glossy finish is a constant fingerprint magnet and looks dirty all the time.,2024-06-23,Apple AirPods Pro 2 Review
bestbuy,Apple AirPods Pro 2,2,Feels fragile and like it could break with any significant accidental impact. Ear cups are too small for larger ears and start to feel very painful over time.,2023-11-17,Apple AirPods Pro 2 Review
bestbuy,Beats Studio Pro,2,"Price gouging at its finest, the margins here must be absolutely enormous. The build quality feels cheap and plasticky for such a high price point. Audio quality at high volumes degrades noticeably and introduces distortion.",2021-12-11,Beats Studio Pro Review
bestbuy,Sennheiser Momentum 4,3,"Worth every single penny, the value you get is truly outstanding. The detail retrieval is exceptional, I'm hearing things in songs I never noticed before.",2023-03-26,Sennheiser Momentum 4 Review
bestbuy,Jabra Evolve2 85,2,"Worth every single penny, the value you get is truly outstanding. Audio quality at high volumes degrades noticeably and introduces distortion.",2022-04-27,Jabra Evolve2 85 Review
bestbuy,Dell XPS 15,4,Six months of heavy daily use and it still looks and performs like brand new. Battery management is smart and the drain is minimal even in high-usage modes. Balanced frequency response makes these great for all genres of music.,2023-02-27,Dell XPS 15 Review
bestbuy,Apple MacBook Pro 14,3,"After two hours my ears get hot and sweaty from the overly tight seal. The color options are boring and completely uninspired, needs far more variety. Charging takes way too long compared to what competitors are offering. Bluetooth connection drops frequently and requires constant annoying reconnecting.",2021-09-26,Apple MacBook Pro 14 Review
bestbuy,Sennheiser Momentum 4,4,"Battery life is absolutely incredible, lasts way longer than advertised. Built like a tank, feels like it will last for years with proper care.",2022-07-09,Sennheiser Momentum 4 Review
bestbuy,Anker Soundcore Q45,4,"Way too expensive for what you actually get, feels completely overpriced. Aesthetics are gorgeous, gets compliments everywhere I use them. Software is buggy and requires constant updates just to fix basic issues. The soundstage feels narrow and closed-in, lacks depth and spatial awareness.",2021-03-22,Anker Soundcore Q45 Review
bestbuy,Apple AirPods Pro 2,4,Six months of heavy daily use and it still looks and performs like brand new. The matte finish resists fingerprints and looks clean all day long.,2024-10-06,Apple AirPods Pro 2 Review
bestbuy,Apple AirPods Pro 2,4,"Software is buggy and requires constant updates just to fix basic issues. Battery life is absolutely incredible, lasts way longer than advertised. Better options available for half the price if you look around a bit.",2022-09-21,Apple AirPods Pro 2 Review
bestbuy,Sennheiser Momentum 4,2,"Audio quality at high volumes degrades noticeably and introduces distortion. Battery life is much shorter than advertised, barely lasts 6 hours on a charge. Feels fragile and like it could break with any significant accidental impact.",2020-10-30,Sennheiser Momentum 4 Review
